{
    "relu": {
        "train_index": [
            31,
            63,
            95,
            127,
            159,
            191,
            223,
            255,
            287,
            319,
            351,
            383,
            415,
            447,
            479,
            511,
            543,
            575,
            607,
            639,
            671,
            703,
            735,
            767,
            799,
            831,
            863,
            895,
            927,
            959
        ],
        "train_losses": [
            1.8500005416572094,
            1.3771336078643799,
            1.1562475878745317,
            0.9070332199335098,
            0.8373430985957384,
            0.7448315061628819,
            0.6350326109677553,
            0.6116479784250259,
            0.5440829079598188,
            0.4528048294596374,
            0.4305100264027715,
            0.4229906448163092,
            0.3183277319185436,
            0.27952827606350183,
            0.327352351276204,
            0.22704852325841784,
            0.20610805368050933,
            0.23103854502551258,
            0.20633754855953157,
            0.20142783434130251,
            0.20449235627893358,
            0.17432774952612817,
            0.16929384740069509,
            0.2071152557618916,
            0.15049512952100486,
            0.13014732697047293,
            0.13631203898694366,
            0.08989014610415325,
            0.09662828309228644,
            0.09087577468017116
        ],
        "val_index": [
            96,
            192,
            288,
            384,
            480,
            576,
            672,
            768,
            864,
            960
        ],
        "val_losses": [
            1.0008843541145325,
            0.7166084945201874,
            0.5561047047376633,
            0.4573001464207967,
            0.4633264442284902,
            0.5634907434384028,
            0.48929857710997265,
            0.43930383523305255,
            0.4482649366060893,
            0.3736139237880707
        ],
        "accuracies": [
            0.6720061022120518,
            0.7574370709382151,
            0.8032036613272311,
            0.8443935926773455,
            0.8413424866514111,
            0.8413424866514111,
            0.8634630053394355,
            0.851258581235698,
            0.8535469107551488,
            0.8802440884820748
        ]
    },
    "leaky_relu": {
        "train_index": [
            31,
            63,
            95,
            127,
            159,
            191,
            223,
            255,
            287,
            319,
            351,
            383,
            415,
            447,
            479,
            511,
            543,
            575,
            607,
            639,
            671,
            703,
            735,
            767,
            799,
            831,
            863,
            895,
            927,
            959
        ],
        "train_losses": [
            1.8136773370206356,
            1.3448197208344936,
            1.1226057354360819,
            0.893969489261508,
            0.8560087122023106,
            0.728407490067184,
            0.6057411879301071,
            0.6077277520671487,
            0.5543251289054751,
            0.43922174256294966,
            0.4473696928471327,
            0.42853464651852846,
            0.32667125947773457,
            0.3357398137450218,
            0.28247072687372565,
            0.22307000192813575,
            0.22885592351667583,
            0.2215868595521897,
            0.17140845605172217,
            0.204668759717606,
            0.23604334983974695,
            0.15736925974488258,
            0.16423748538363725,
            0.1594071399886161,
            0.13663869048468769,
            0.1260305687901564,
            0.11119946910184808,
            0.08835494099184871,
            0.08494343503843993,
            0.10350079747149721
        ],
        "val_index": [
            96,
            192,
            288,
            384,
            480,
            576,
            672,
            768,
            864,
            960
        ],
        "val_losses": [
            0.9933883945147196,
            0.6989166339238485,
            0.5937700271606445,
            0.5405190537373225,
            0.42310531437397003,
            0.45417459309101105,
            0.4718504299720128,
            0.4653312663237254,
            0.3108562156558037,
            0.42927106469869614
        ],
        "accuracies": [
            0.6529366895499619,
            0.7879481311975591,
            0.8062547673531655,
            0.8299008390541571,
            0.8581235697940504,
            0.8581235697940504,
            0.8627002288329519,
            0.8596491228070176,
            0.897025171624714,
            0.8733790999237223
        ]
    },
    "tanh": {
        "train_index": [
            31,
            63,
            95,
            127,
            159,
            191,
            223,
            255,
            287,
            319,
            351,
            383,
            415,
            447,
            479,
            511,
            543,
            575,
            607,
            639,
            671,
            703,
            735,
            767,
            799,
            831,
            863,
            895,
            927,
            959
        ],
        "train_losses": [
            1.7521060034632683,
            1.3441994413733482,
            1.1346492543816566,
            0.8692674245685339,
            0.779348811134696,
            0.6901133544743061,
            0.5846853880211711,
            0.5767504619434476,
            0.48210003646090627,
            0.4019676251336932,
            0.41120363492518663,
            0.3304441594518721,
            0.29124925006181,
            0.2720689922571182,
            0.2076247731456533,
            0.20400214404799044,
            0.1969408099539578,
            0.14696641109185293,
            0.1501974480925128,
            0.18887218623422086,
            0.12917561642825603,
            0.13140947034116834,
            0.16743895295076072,
            0.16039407305652276,
            0.10847262246534228,
            0.12829072499880567,
            0.08992666026460938,
            0.08564191637560725,
            0.07061726844403893,
            0.0651172500802204
        ],
        "val_index": [
            96,
            192,
            288,
            384,
            480,
            576,
            672,
            768,
            864,
            960
        ],
        "val_losses": [
            0.9317387938499451,
            0.6226671040058136,
            0.47265124320983887,
            0.3840009222428004,
            0.34688368688027066,
            0.33461884409189224,
            0.4261294404665629,
            0.4588686327139537,
            0.45551758507887524,
            0.4285498956839244
        ],
        "accuracies": [
            0.6735316552250191,
            0.7719298245614035,
            0.8253241800152555,
            0.855072463768116,
            0.8718535469107551,
            0.8680396643783371,
            0.855072463768116,
            0.8543096872616324,
            0.8527841342486652,
            0.8604118993135011
        ]
    },